NAME,HOMECOST,BEDROOMS,BATHROOMS,HOMEADDRESS,SF,IMAGE
30819,5458000,4,2,Kutch Canyon Ave.,3000,10.jpg
69520,4147000,4,3,Mazie Well Blvd.,3044,26.jpg
74919,285000,3,2,Imogene Square Blvd.,2343,20.jpg
40135,3464000,6,5,Weissnat Shores Blvd.,5550,41.jpg
15713,2201000,4,3,McCullough Manor Blvd.,3432,12.jpg
82110,1928000,6,5,Satterfield Forge Blvd.,5568,47.jpg
23795,3826000,3,1,Nienow Loaf Blvd.,2703,31.jpg
46375,1974000,3,1,Jaiden Mall Ave.,2421,31.jpg
97284,2872000,4,3,Rosemary Run Ave.,3512,10.jpg
33474,1119000,5,4,Fahey Groves St.,4200,5.jpg
92409,7743000,4,3,Reilly Prairie Ave.,3316,3.jpg
70338,9856000,4,2,Howe Harbor Ave.,3124,5.jpg
16143,6978000,3,2,Schuster Land St.,2463,49.jpg
54392,4008000,3,2,Lowe Park Blvd.,2769,46.jpg
97774,9029000,6,4,Legros Mountains Blvd.,4938,35.jpg
74753,2527000,5,3,Nathan Flat St.,4590,54.jpg
86465,2851000,5,3,Antonietta Prairie Ave.,4075,17.jpg
61309,1342000,3,2,Wehner Islands Blvd.,2685,5.jpg
64851,2258000,5,3,Lesley Shore Ave.,4565,50.jpg
72001,3010000,6,5,Hudson Forges Ave.,5532,49.jpg
59038,4506000,3,2,McKenzie Summit St.,2274,9.jpg
97513,1987000,4,3,Walker Point St.,3616,30.jpg
34089,3002000,5,3,Kuphal Court St.,4680,11.jpg
96346,2885000,4,2,Eliane Plain Ave.,3496,21.jpg
68548,9609000,5,4,Mayer Via Blvd.,4445,17.jpg
17232,7782000,3,1,Kaylah Ridge Ave.,2844,43.jpg
7063,4447000,5,4,Greenfelder Green Ave.,4060,28.jpg
87738,2173000,3,1,Percy Prairie St.,2625,44.jpg
70451,5671000,6,4,Maegan Alley Blvd.,5376,26.jpg
65867,5571000,5,3,Mills Bypass St.,4205,44.jpg
28021,2375000,4,2,Wilkinson Stravenue St.,3712,16.jpg
35930,2384000,6,4,Jacobi Manor Ave.,4818,10.jpg
34760,8616000,5,4,Carter Land St.,4545,46.jpg
7785,8337000,5,3,Johns Manors St.,4640,11.jpg
40224,4857000,3,2,Jakubowski Run Ave.,2607,50.jpg
19189,4764000,4,3,Jana Villages Blvd.,3552,2.jpg
8674,5440000,5,4,Bryce Via St.,3950,2.jpg
53001,5386000,4,2,Quitzon Springs Blvd.,3792,27.jpg
37911,9442000,3,2,Milton Lodge Blvd.,2484,53.jpg
19830,7994000,4,3,Christy Landing Blvd.,3680,34.jpg
34985,9637000,3,2,Esta Locks St.,2673,35.jpg
82326,2758000,4,2,Weimann Divide Ave.,3156,53.jpg
52903,6648000,4,3,Bryce Estates St.,3352,19.jpg
86828,4101000,5,4,Cremin Manor Ave.,3920,47.jpg
25409,4872000,5,3,Shanahan Junctions Ave.,4340,22.jpg
81719,2023000,4,2,Torphy Gardens Ave.,3364,13.jpg
46634,7550000,6,4,Schuppe Avenue Blvd.,5358,44.jpg
5930,3861000,6,5,Schamberger Passage St.,4518,38.jpg
18320,216000,6,5,Hoyt Row St.,4920,7.jpg
7800,1131000,5,3,Herzog Valleys Blvd.,4600,11.jpg
